{
  "median": {
    "wavelet_mean": 6.42872e-06,
    "sample_entropy": 1.409895323,
    "shannon_entropy": 0.809896993,
    "rms": 3.60632e-07,
    "mean_rr": 0.854910714,
    "sdnn": 0.050103528,
    "rmssd": 0.046526482,
    "mean_hr": 70.18276762,
    "zero_crossing_rate": 0.228559028,
    "emg_activity": 1.13578e-13,
    "emg_mobility": 1.382678055,
    "emg_complexity": 1.221531445
  },
  "mean": {
    "wavelet_mean": 8.79734604965028e-06,
    "sample_entropy": 1.307280558100778,
    "shannon_entropy": 0.7809391020694514,
    "rms": 7.344930202246084e-07,
    "mean_rr": 0.8670772763802581,
    "sdnn": 0.06990783583548418,
    "rmssd": 0.07785940093419368,
    "mean_hr": 70.20301959993202,
    "zero_crossing_rate": 0.23359424598384396,
    "emg_activity": 2.2843008203024336e-12,
    "emg_mobility": 1.379787375619545,
    "emg_complexity": 1.2388982759746823
  },
  "std": {
    "wavelet_mean": 7.412138142856457e-06,
    "sample_entropy": 0.43609282685809664,
    "shannon_entropy": 0.08608314458340387,
    "rms": 1.3317219694946076e-06,
    "mean_rr": 0.10664390664501451,
    "sdnn": 0.05080525355700505,
    "rmssd": 0.06759412976639467,
    "mean_hr": 8.267566267732292,
    "zero_crossing_rate": 0.08717384816242416,
    "emg_activity": 1.2707056735395402e-11,
    "emg_mobility": 0.06377920406692372,
    "emg_complexity": 0.086301834969096
  },
  "min": {
    "wavelet_mean": 1.64815e-06,
    "sample_entropy": 0.02486916,
    "shannon_entropy": 0.307121604,
    "rms": 8.92893e-08,
    "mean_rr": 0.653846154,
    "sdnn": 0.012966247,
    "rmssd": 0.018042196,
    "mean_hr": 50.1829587,
    "zero_crossing_rate": 0.021701389,
    "emg_activity": 4.08505e-15,
    "emg_mobility": 1.135981019,
    "emg_complexity": 1.097909225
  },
  "max": {
    "wavelet_mean": 7.05389e-05,
    "sample_entropy": 1.989087109,
    "shannon_entropy": 0.89472705,
    "rms": 3.54709e-05,
    "mean_rr": 1.195625,
    "sdnn": 0.312126256,
    "rmssd": 0.415245555,
    "mean_hr": 91.76470588,
    "zero_crossing_rate": 0.5421875,
    "emg_activity": 4.8945e-10,
    "emg_mobility": 1.60961485,
    "emg_complexity": 2.392694964
  },
  "q25": {
    "wavelet_mean": 4.2867299999999995e-06,
    "sample_entropy": 1.0529194975,
    "shannon_entropy": 0.7841923315,
    "rms": 2.0083599999999999e-07,
    "mean_rr": 0.787916667,
    "sdnn": 0.032863679,
    "rmssd": 0.031472423,
    "mean_hr": 64.84432718,
    "zero_crossing_rate": 0.171310764,
    "emg_activity": 2.7209549999999997e-14,
    "emg_mobility": 1.3368597995,
    "emg_complexity": 1.1883943929999998
  },
  "q75": {
    "wavelet_mean": 1.04408e-05,
    "sample_entropy": 1.6615745245,
    "shannon_entropy": 0.82531071,
    "rms": 7.3174e-07,
    "mean_rr": 0.925292969,
    "sdnn": 0.0907136495,
    "rmssd": 0.0986434365,
    "mean_hr": 76.15018509,
    "zero_crossing_rate": 0.284288194,
    "emg_activity": 5.993845e-13,
    "emg_mobility": 1.424661837,
    "emg_complexity": 1.264673786
  }
}